<?xml version="1.0" encoding="UTF-8"?>
<!DOCTYPE mapper
  PUBLIC "-//mybatis.org//DTD Mapper 3.0//EN"
  "http://mybatis.org/dtd/mybatis-3-mapper.dtd">
  
<mapper namespace="org.iotmit.mapper.BoardMapper">

<insert id="insertSelectKey">
	insert into tbl_board(bno,title,content,writer,regdate)	values( NULL , #{title}, #{content}, #{writer}, now())
</insert>

<insert id="insert">
	insert into tbl_board(bno,title,content,writer,regdate)	values( NULL , #{title}, #{content}, #{writer}, now())
</insert>


<select id="read" resultType="org.iotmit.domain.BoardVO">
select * from tbl_board where bno = #{bno}
</select>

<select id="count" resultType="long">
select count(*) from tbl_board
</select>

<select id="admin_scount" resultType="long">
select count(*) from tbl_board where writer = '관리자'
</select>

<select id="search_count" resultType="long">
select count(*) from tbl_board where writer = #{writter}
</select>

<select id="search_list" resultType="long">
<![CDATA[select * from tbl_board where bno >= #{num1} and bno <= #{num2} ]]> 
</select>

<delete id="delete">
delete from tbl_board where bno=#{bno}
</delete>

<update id="update">
update tbl_board 
set title = #{title}, content=#{content},writer=#{writer}, updatedate = now() WHERE bno=#{bno}
</update>

<select id="quiz" resultType="org.iotmit.domain.BoardVO">
select title from tbl_board where mod(bno,#{num})=0
</select>

<select id="getList" resultType="org.iotmit.domain.BoardVO">
select * from tbl_board order by bno desc
</select>

<select id="getListWithPaging" resultType="org.iotmit.domain.BoardVO">
<![CDATA[select * FROM tbl_board order by bno desc LIMIT #{amount} OFFSET #{pageNum}]]>
</select>

<select id="getListWithPagingTemp" resultType="org.iotmit.domain.BoardVO">
<![CDATA[select * from (select rownum rn, tbl_board.* from tbl_board where rownum <= #{pageNum}*#{amount})
where rn > (#{pageNum}-1)*#{amount}]]>
</select>

<!-- <![CDATA[]>를 붙여야 부등호를 쿼리로 인식함/위에서 X개를 뽑아서 뒤에 Y개를 가져온다는 쿼리-->



</mapper>